1,Ьязгжшюфх,234
2,Кплвжщчаш,184
3,Ршвктьёщобз,159
4,Хичмйэщуелфг,229
5,Кганё,190
6,Ъпжщьцден,172
7,Эбгзовя,167
8,Иьщтхчюц,193
9,Ъсщхчьп,150
10,Аяч,179
11,Жзш,210
12,Ткцщьч,234
13,Щпиоткц,189
14,Ёешлщ,152
15,Яншдлу,241
16,Рбльфапщ,163
17,Фощвр,176
18,Оиёрмдьжцш,181
19,Оаэуьлгн,222
20,Йшчёсзмру,230
21,Ъфмкцло,212
22,Ечйэзёщу,175
23,Зёямтаьрешвг,195
24,Леяхбй,175
25,Нцсгбомдзж,162
26,Изсмфтшнгюкв,228
27,Нгйэё,227
28,Кчохпяажфцё,206
29,Зчютсйшфёг,240
30,Кьэиц,237
31,Мтол,170
32,Яфъисёпаж,169
33,Куфщрягжм,239
34,Шфюп,180
35,Ферваюкэьб,183
36,Зпгднхар,223
37,Кэлдвм,197
38,Сюэщш,183
39,Фёюшбус,245
40,Шхпувге,208
41,Ждхяещц,210
42,Пшзгдчолэ,178
43,Мсёхщ,200
44,Руъях,171
45,Лмъс,172
46,Ваёлдз,199
47,Цэл,205
48,Сюбцхьшг,221
49,Зфбл,229
50,Ликьёстэъш,160
51,Дияйсрк,231
52,Хнрэигдзт,211
53,Щцл,225
54,Енвлдбхк,210
55,Флпч,217
56,Фжврчшгло,169
57,Жтй,164
58,Квчюездэй,246
59,Юоляп,236
60,Своябх,219
61,Ёъцк,158
62,Сглтмн,192
63,Эенюкцирл,214
64,Еимо,180
65,Унерцгжаёх,213
66,Бёезмк,187
67,Ьэпф,196
68,Ъхдсмзуьшщан,244
69,Бихеьфгмя,202
70,Нштлрщйфзъ,156
71,Ръёлжамшю,189
72,Цшепяах,246
73,Дяо,172
74,Оршёъгда,242
75,Юушхфадёй,199
76,Хёешакщр,230
77,Изльго,236
78,Лржщюф,165
79,Дуеъюгньпрхф,245
80,Цйёюпък,242
81,Тмщяёпьуенд,228
82,Жлаё,204
83,Хзчгэмнщ,185
84,Длкёфомсчхт,248
85,Шпит,177
86,Дюп,202
87,Ългщомзцасвт,247
88,Цаейкурж,246
89,Гщфсрзвлёуьи,180
90,Йуфгтбърхвм,159
91,Ъаф,205
92,Ьчювщлфдёсн,183
93,Хгдэжчющбр,187
94,Аушлиоюгжэрф,167
95,Сёегмднфюял,210
96,Ъщцэхмяукьа,198
97,Цяхиеюё,184
98,Лщэдёепня,151
99,Гсхрм,214
100,Еахцяшъ,166
